url,http_status,title,title_length,meta_description,meta_description_length,h1_count,word_count,images_total,images_missing_alt,links_count,canonical,hreflang_count,json_ld_blocks,score,score_reasons,pagespeed_performance,moz_domain_authority,moz_page_authority,moz_external_links
https://www.ellocentlabs.com,200,Top Software Development Company | Ellocent Labs IT Solution,60,"Ellocent Labs specializes in AI, automation, and custom software solutions that drive innovation and business growth. Turn your vision into reality.",148,1,3587,173,1,82,https://www.ellocentlabs.com/,2,12,100,,0.55,,,
https://www.ellocentlabs.com/solutions/revolutionizing-aviation-data-cloud-native,200,Cloud-Native Aviation Data Solutions | Ellocent Labs,52,"Ellocent Labs specializes in AI, automation, and custom software solutions that drive innovation and business growth. Turn your vision into reality.",148,1,2090,11,1,46,https://www.ellocentlabs.com/solutions/revolutionizing-aviation-data-cloud-native,3,12,100,,0.56,,,
https://www.ellocentlabs.com/solutions/tableau-SSO-web-integration,200,Seamless Tableau SSO Integration in Web Apps | Ellocent Labs,60,"Ellocent Labs specializes in AI, automation, and custom software solutions that drive innovation and business growth. Turn your vision into reality.",148,1,2140,14,1,42,https://www.ellocentlabs.com/solutions/tableau-SSO-web-integration,3,12,100,,0.51,,,
https://www.ellocentlabs.com/solutions/saas-scalability-automating-multi-client-onboarding,200,Automated Multi-Client SaaS Onboarding | Single Codebase Solution,65,"Ellocent Labs specializes in AI, automation, and custom software solutions that drive innovation and business growth. Turn your vision into reality.",148,1,1406,12,5,46,https://www.ellocentlabs.com/solutions/saas-scalability-automating-multi-client-onboarding,3,12,95,Title too long (recommended <=60 chars),,,,
https://www.ellocentlabs.com/about-us,200,About Ellocent Labs: Best Software Development Company,54,"Ellocent Labs specializes in AI, automation, and custom software solutions that drive innovation and business growth. Turn your vision into reality.",148,1,1492,151,1,106,https://www.ellocentlabs.com/about-us,2,12,100,,,,,
https://www.ellocentlabs.com/services/artificial-intelligence,200,AI & Machine Learning Solutions | Ellocent Labs,47,"Ellocent Labs specializes in AI, automation, and custom software solutions that drive innovation and business growth. Turn your vision into reality.",148,1,3184,149,1,59,https://www.ellocentlabs.com/services/artificial-intelligence,2,12,100,,,,,
https://www.ellocentlabs.com/services/project-management,200,Project Management Consulting | Ellocent Labs,45,"Ellocent Labs specializes in AI, automation, and custom software solutions that drive innovation and business growth. Turn your vision into reality.",148,1,3145,131,1,59,https://www.ellocentlabs.com/services/project-management,3,12,100,,,,,
https://www.ellocentlabs.com/services/no-code-platform,200,No-Code Development Services | Ellocent Labs,44,"Ellocent Labs specializes in AI, automation, and custom software solutions that drive innovation and business growth. Turn your vision into reality.",148,1,3825,163,1,59,https://www.ellocentlabs.com/services/no-code-platform,2,12,100,,,,,
https://www.ellocentlabs.com/case-studies/hiring-system,200,"AI Recruitment Platform - Smarter, Faster Hiring",48,"Ellocent Labs specializes in AI, automation, and custom software solutions that drive innovation and business growth. Turn your vision into reality.",148,1,1030,40,1,49,https://www.ellocentlabs.com/case-studies/hiring-system,3,12,100,,,,,
https://www.ellocentlabs.com/case-studies/investor-management,200,Relait Case Study | Ellocent Labs,33,"Ellocent Labs specializes in AI, automation, and custom software solutions that drive innovation and business growth. Turn your vision into reality.",148,1,1299,48,1,49,https://www.ellocentlabs.com/case-studies/investor-management,3,12,100,,,,,
https://www.ellocentlabs.com/case-studies/clove-app,200,Clove Case Study | Disguised Safety App Development by Ellocent Labs,68,"Ellocent Labs specializes in AI, automation, and custom software solutions that drive innovation and business growth. Turn your vision into reality.",148,1,1245,20,1,49,https://www.ellocentlabs.com/case-studies/clove-app,3,12,95,Title too long (recommended <=60 chars),,,,
https://www.ellocentlabs.com/blogs/no-code-vs-custom-development-in-2026-which-is-right-for-your-business,200,No-Code vs Custom Development in 2026: Which to Choose?,55,"Ellocent Labs specializes in AI, automation, and custom software solutions that drive innovation and business growth. Turn your vision into reality.",148,1,22003,53,39,133,https://www.ellocentlabs.com/blogs/no-code-vs-custom-development-in-2026-which-is-right-for-your-business,3,12,100,,,,,
https://www.ellocentlabs.com/blogs/how-to-build-autonomous-ai-agents-for-enterprise-workflows-in-2026,200,Autonomous AI Agents for Enterprise Workflows (2026),52,"Ellocent Labs specializes in AI, automation, and custom software solutions that drive innovation and business growth. Turn your vision into reality.",148,1,20666,57,34,106,https://www.ellocentlabs.com/blogs/how-to-build-autonomous-ai-agents-for-enterprise-workflows-in-2026,3,12,100,,,,,
https://www.ellocentlabs.com/blogs/what-is-aeo-answer-engine-optimisation-and-why-your-business-needs-it-in-2026,200,What Is AEO and Why Your Business Need It in 2026,49,"Ellocent Labs specializes in AI, automation, and custom software solutions that drive innovation and business growth. Turn your vision into reality.",148,1,13876,40,16,83,https://www.ellocentlabs.com/blogs/what-is-aeo-answer-engine-optimisation-and-why-your-business-needs-it-in-2026,3,12,100,,,,,
https://www.ellocentlabs.com/,200,Top Software Development Company | Ellocent Labs IT Solution,60,"Ellocent Labs specializes in AI, automation, and custom software solutions that drive innovation and business growth. Turn your vision into reality.",148,1,3587,173,1,82,https://www.ellocentlabs.com/,2,12,100,,,,,
https://www.ellocentlabs.com/hire-us,200,Hire Us for Expert Software Development Services | Ellocent Labs,64,"Ellocent Labs specializes in AI, automation, and custom software solutions that drive innovation and business growth. Turn your vision into reality.",148,1,1185,76,1,47,https://www.ellocentlabs.com/hire-us,3,12,95,Title too long (recommended <=60 chars),,,,
https://www.ellocentlabs.com/career,200,Careers at Ellocent Labs | Join Our Team of Innovators,54,"Ellocent Labs specializes in AI, automation, and custom software solutions that drive innovation and business growth. Turn your vision into reality.",148,1,401,50,1,92,https://www.ellocentlabs.com/career,3,12,100,,,,,
https://www.ellocentlabs.com/contact-us,200,Contact Ellocent Labs - Your Partner in Digital Transformation,62,"Ellocent Labs specializes in AI, automation, and custom software solutions that drive innovation and business growth. Turn your vision into reality.",148,1,473,67,1,49,https://www.ellocentlabs.com/contact-us,3,12,95,Title too long (recommended <=60 chars),,,,
https://www.ellocentlabs.com/privacy-policy,200,Privacy Policy for Software Development Services- Ellocent Labs,63,"Ellocent Labs specializes in AI, automation, and custom software solutions that drive innovation and business growth. Turn your vision into reality.",148,1,487,1,1,42,https://www.ellocentlabs.com/privacy-policy,3,12,95,Title too long (recommended <=60 chars),,,,
https://www.ellocentlabs.com/agile,200,Leading Agile Software Development Company - Ellocent Labs,58,"Ellocent Labs specializes in AI, automation, and custom software solutions that drive innovation and business growth. Turn your vision into reality.",148,1,1003,30,1,53,https://www.ellocentlabs.com/agile,3,12,100,,,,,
https://www.ellocentlabs.com/case-studies,200,Case Studies | Successful Software Solutions by Ellocent Labs,61,"Ellocent Labs specializes in AI, automation, and custom software solutions that drive innovation and business growth. Turn your vision into reality.",148,1,427,12,1,50,https://www.ellocentlabs.com/case-studies,3,12,95,Title too long (recommended <=60 chars),,,,
https://www.ellocentlabs.com/technologies,200,"Technology Stack for AI, Web  Mobile | Ellocent Labs",52,"Ellocent Labs specializes in AI, automation, and custom software solutions that drive innovation and business growth. Turn your vision into reality.",148,1,392,46,1,40,https://www.ellocentlabs.com/technologies,2,12,100,,,,,
https://www.ellocentlabs.com/AI-automation-case-studies,200,AI & Automation Solutions | Ellocent Labs Case Studies,54,"Ellocent Labs specializes in AI, automation, and custom software solutions that drive innovation and business growth. Turn your vision into reality.",148,1,659,25,1,64,https://www.ellocentlabs.com/AI-automation-case-studies,2,12,100,,,,,
https://www.ellocentlabs.com/blogs,200,Ellocent Labs Blogs: Insights on Software and Technology,56,"Ellocent Labs specializes in AI, automation, and custom software solutions that drive innovation and business growth. Turn your vision into reality.",148,1,608,11,1,50,https://www.ellocentlabs.com/blogs,3,12,100,,,,,
https://www.ellocentlabs.com/services/blockchain-development,200,Blockchain Development Services | Ellocent Labs,47,"Ellocent Labs specializes in AI, automation, and custom software solutions that drive innovation and business growth. Turn your vision into reality.",148,1,3233,158,1,57,https://www.ellocentlabs.com/services/blockchain-development,2,12,100,,,,,
https://www.ellocentlabs.com/services/cloud-computing,200,Cloud Solutions & Management | Ellocent Labs,44,"Ellocent Labs specializes in AI, automation, and custom software solutions that drive innovation and business growth. Turn your vision into reality.",148,1,3161,161,1,59,https://www.ellocentlabs.com/services/cloud-computing,2,12,100,,,,,
https://www.ellocentlabs.com/services/automation-services,200,Boost Efficiency with Automation | Ellocent Labs,48,"Ellocent Labs specializes in AI, automation, and custom software solutions that drive innovation and business growth. Turn your vision into reality.",148,1,2804,123,1,48,https://www.ellocentlabs.com/services/automation-services,2,12,100,,,,,
https://www.ellocentlabs.com/services/digital-marketing,200,Digital Marketing Services | Ellocent Labs,42,"Ellocent Labs specializes in AI, automation, and custom software solutions that drive innovation and business growth. Turn your vision into reality.",148,1,3430,158,1,59,https://www.ellocentlabs.com/services/digital-marketing,3,12,100,,,,,
https://www.ellocentlabs.com/services/custom-web-development,200,Custom Software Development | Ellocent Labs,43,"Ellocent Labs specializes in AI, automation, and custom software solutions that drive innovation and business growth. Turn your vision into reality.",148,1,3101,157,1,59,https://www.ellocentlabs.com/services/custom-web-development,2,12,100,,,,,
https://www.ellocentlabs.com/services/cloud-computing/cloud-application-development,200,Cloud Application Development,29,"Ellocent Labs specializes in AI, automation, and custom software solutions that drive innovation and business growth. Turn your vision into reality.",148,1,886,36,1,45,https://www.ellocentlabs.com/services/cloud-computing/cloud-application-development,3,12,100,,,,,
https://www.ellocentlabs.com/solutions,200,Innovative Solutions for Your Business | Ellocent Labs,54,"Ellocent Labs specializes in AI, automation, and custom software solutions that drive innovation and business growth. Turn your vision into reality.",148,1,23393,57,28,161,https://www.ellocentlabs.com/solutions,3,12,100,,,,,
https://www.ellocentlabs.com/services/cloud-computing/devops-on-cloud,200,DevOps on Cloud Services,24,"Ellocent Labs specializes in AI, automation, and custom software solutions that drive innovation and business growth. Turn your vision into reality.",148,1,866,45,1,46,https://www.ellocentlabs.com/services/cloud-computing/devops-on-cloud,2,12,100,,,,,
https://www.ellocentlabs.com/services/custom-web-development/saas-product-development,200,SaaS Product Development,24,"Ellocent Labs specializes in AI, automation, and custom software solutions that drive innovation and business growth. Turn your vision into reality.",148,1,859,43,1,47,https://www.ellocentlabs.com/services/custom-web-development/saas-product-development,3,12,100,,,,,
https://www.ellocentlabs.com/blogs/a-comprehensive-guide-to-docker-architecture-components-advantages-and-limitations,200,"Docker Guide: Architecture, Benefits & Limitations",50,"Ellocent Labs specializes in AI, automation, and custom software solutions that drive innovation and business growth. Turn your vision into reality.",148,1,16159,48,38,93,https://www.ellocentlabs.com/blogs/a-comprehensive-guide-to-docker-architecture-components-advantages-and-limitations,3,12,100,,,,,
https://www.ellocentlabs.com/services,200,"Ellocent Labs: AI, Blockchain, Web & Tech Solutions",51,"Ellocent Labs specializes in AI, automation, and custom software solutions that drive innovation and business growth. Turn your vision into reality.",148,1,662,11,1,91,https://www.ellocentlabs.com/services,2,12,100,,,,,
https://www.ellocentlabs.com/blogs/kubernetes-unraveled-mastering-container-orchestration,200,Kubernetes Unraveled: Master Container Orchestration,52,"Ellocent Labs specializes in AI, automation, and custom software solutions that drive innovation and business growth. Turn your vision into reality.",148,1,16854,38,27,91,https://www.ellocentlabs.com/blogs/kubernetes-unraveled-mastering-container-orchestration,3,12,100,,,,,
https://www.ellocentlabs.com/services/artificial-intelligence/artificial-intelligence-solutions,200,Artificial Intelligence Solutions,33,"Ellocent Labs specializes in AI, automation, and custom software solutions that drive innovation and business growth. Turn your vision into reality.",148,1,1470,63,1,47,https://www.ellocentlabs.com/services/artificial-intelligence/artificial-intelligence-solutions,2,12,100,,,,,
https://www.ellocentlabs.com/industries/non-profit-sector,200,Non-Profit Software Solutions | Donor & Volunteer Management,60,"Ellocent Labs specializes in AI, automation, and custom software solutions that drive innovation and business growth. Turn your vision into reality.",148,1,19903,74,43,138,https://www.ellocentlabs.com/industries/non-profit-sector,2,12,100,,,,,
https://www.ellocentlabs.com/industries/logistics-and-transportation,200,Logistics & Transportation Solutions | Ellocent Labs,52,"Ellocent Labs specializes in AI, automation, and custom software solutions that drive innovation and business growth. Turn your vision into reality.",148,1,20416,71,22,80,https://www.ellocentlabs.com/industries/logistics-and-transportation,3,12,100,,,,,
https://www.ellocentlabs.com/industries/healthcare,200,Scalable & Secure Healthcare IT Solutions | Ellocent Labs,57,"Ellocent Labs specializes in AI, automation, and custom software solutions that drive innovation and business growth. Turn your vision into reality.",148,1,19528,102,48,95,https://www.ellocentlabs.com/industries/healthcare,3,12,100,,,,,
https://www.ellocentlabs.com/industries,200,Innovative Solutions for Various Industries - Ellocent Labs,59,"Ellocent Labs specializes in AI, automation, and custom software solutions that drive innovation and business growth. Turn your vision into reality.",148,1,537,27,1,70,https://www.ellocentlabs.com/industries,2,12,100,,,,,
https://www.ellocentlabs.com/industries/fintech-banking,200,Fintech & Insurance Software Solutions | Ellocent Labs,54,"Ellocent Labs specializes in AI, automation, and custom software solutions that drive innovation and business growth. Turn your vision into reality.",148,1,19242,62,31,87,https://www.ellocentlabs.com/industries/fintech-banking,2,12,100,,,,,
https://www.ellocentlabs.com/industries/enterprise,200,Custom Enterprise Software Solutions | AI-Driven Innovation,59,"Ellocent Labs specializes in AI, automation, and custom software solutions that drive innovation and business growth. Turn your vision into reality.",148,1,13449,48,16,95,https://www.ellocentlabs.com/industries/enterprise,3,12,100,,,,,
https://www.ellocentlabs.com/industries/ecommerce,200,Smart E-commerce Solutions for Growth | Ellocent Labs,53,"Ellocent Labs specializes in AI, automation, and custom software solutions that drive innovation and business growth. Turn your vision into reality.",148,1,20155,80,43,87,https://www.ellocentlabs.com/industries/ecommerce,3,12,100,,,,,
https://www.ellocentlabs.com/services/project-management/agile-project-delivery,200,Agile Project Management Services,33,"Ellocent Labs specializes in AI, automation, and custom software solutions that drive innovation and business growth. Turn your vision into reality.",148,1,757,26,1,47,https://www.ellocentlabs.com/services/project-management/agile-project-delivery,2,12,100,,,,,
https://www.ellocentlabs.com/industries/travel-and-tourism,200,Custom Software for Tour & Travel Industry | Ellocent Lab,57,"Ellocent Labs specializes in AI, automation, and custom software solutions that drive innovation and business growth. Turn your vision into reality.",148,1,25025,88,43,129,https://www.ellocentlabs.com/industries/travel-and-tourism,2,12,100,,,,,
https://www.ellocentlabs.com/industries/on-demand-service,200,Powering Instant On-Demand Services | Ellocent Labs,51,"Ellocent Labs specializes in AI, automation, and custom software solutions that drive innovation and business growth. Turn your vision into reality.",148,1,20405,89,48,86,https://www.ellocentlabs.com/industries/on-demand-service,3,12,100,,,,,
https://www.ellocentlabs.com/industries/cybersecurity,200,Advanced Cybersecurity Solutions | Ellocent Labs,48,"Ellocent Labs specializes in AI, automation, and custom software solutions that drive innovation and business growth. Turn your vision into reality.",148,1,15904,70,38,82,https://www.ellocentlabs.com/industries/cybersecurity,3,12,100,,,,,
https://www.ellocentlabs.com/services/no-code-platform/mvps-prototyping,200,Build an MVP Fast with No-Code,30,"Ellocent Labs specializes in AI, automation, and custom software solutions that drive innovation and business growth. Turn your vision into reality.",148,1,1400,39,1,43,https://www.ellocentlabs.com/services/no-code-platform/mvps-prototyping,2,12,100,,,,,
https://www.ellocentlabs.com/industries/education-and-learning,200,Revolutionary EdTech Solutions for Smarter Learning,51,"Ellocent Labs specializes in AI, automation, and custom software solutions that drive innovation and business growth. Turn your vision into reality.",148,1,25477,92,40,153,https://www.ellocentlabs.com/industries/education-and-learning,2,12,100,,,,,
